trial_number,state,value,brier_score,duration,params,n_estimators,criterion,max_depth,min_samples_split,min_samples_leaf,max_features,max_samples,dataset,test_brier_score
0,1,-0.12955270585020032,0.12955270585020032,5.008188,"{'n_estimators': 624, 'criterion': 'log_loss', 'max_depth': None, 'min_samples_split': 12, 'min_samples_leaf': 7, 'max_features': 0.1, 'max_samples': None}",624,log_loss,,12,7,0.1,,Titanic,0.1520592793866828
1,1,-0.11997829188773708,0.11997829188773708,5.646167,"{'n_estimators': 704, 'criterion': 'entropy', 'max_depth': None, 'min_samples_split': 5, 'min_samples_leaf': 5, 'max_features': 0.25, 'max_samples': 0.9}",704,entropy,,5,5,0.25,0.9,Titanic,0.1520592793866828
2,1,-0.1273381835159256,0.1273381835159256,3.894907,"{'n_estimators': 526, 'criterion': 'entropy', 'max_depth': None, 'min_samples_split': 6, 'min_samples_leaf': 6, 'max_features': 0.25, 'max_samples': 0.5}",526,entropy,,6,6,0.25,0.5,Titanic,0.1520592793866828
3,1,-0.1222660903627023,0.1222660903627023,7.17254,"{'n_estimators': 937, 'criterion': 'log_loss', 'max_depth': 20, 'min_samples_split': 16, 'min_samples_leaf': 4, 'max_features': 0.33, 'max_samples': 0.7}",937,log_loss,20.0,16,4,0.33,0.7,Titanic,0.1520592793866828
4,1,-0.12154367667686679,0.12154367667686679,0.907655,"{'n_estimators': 107, 'criterion': 'log_loss', 'max_depth': 10, 'min_samples_split': 17, 'min_samples_leaf': 6, 'max_features': 'sqrt', 'max_samples': 0.9}",107,log_loss,10.0,17,6,sqrt,0.9,Titanic,0.1520592793866828
5,1,-0.11956083872641954,0.11956083872641954,2.000417,"{'n_estimators': 267, 'criterion': 'entropy', 'max_depth': 10, 'min_samples_split': 2, 'min_samples_leaf': 1, 'max_features': 0.1, 'max_samples': 0.5}",267,entropy,10.0,2,1,0.1,0.5,Titanic,0.1520592793866828
6,1,-0.11843083434567565,0.11843083434567565,3.424529,"{'n_estimators': 420, 'criterion': 'entropy', 'max_depth': 10, 'min_samples_split': 16, 'min_samples_leaf': 2, 'max_features': 0.33, 'max_samples': None}",420,entropy,10.0,16,2,0.33,,Titanic,0.1520592793866828
7,1,-0.12416093603579252,0.12416093603579252,9.288742,"{'n_estimators': 1245, 'criterion': 'log_loss', 'max_depth': 10, 'min_samples_split': 18, 'min_samples_leaf': 3, 'max_features': 0.33, 'max_samples': 0.5}",1245,log_loss,10.0,18,3,0.33,0.5,Titanic,0.1520592793866828
8,1,-0.11906865544522613,0.11906865544522613,4.000959,"{'n_estimators': 498, 'criterion': 'entropy', 'max_depth': 20, 'min_samples_split': 4, 'min_samples_leaf': 5, 'max_features': 'sqrt', 'max_samples': 0.7}",498,entropy,20.0,4,5,sqrt,0.7,Titanic,0.1520592793866828
9,1,-0.11889263224170683,0.11889263224170683,7.904431,"{'n_estimators': 986, 'criterion': 'gini', 'max_depth': None, 'min_samples_split': 14, 'min_samples_leaf': 1, 'max_features': 0.25, 'max_samples': 0.9}",986,gini,,14,1,0.25,0.9,Titanic,0.1520592793866828
10,1,-0.11758248787142178,0.11758248787142178,11.32379,"{'n_estimators': 1423, 'criterion': 'gini', 'max_depth': 15, 'min_samples_split': 9, 'min_samples_leaf': 3, 'max_features': 0.33, 'max_samples': None}",1423,gini,15.0,9,3,0.33,,Titanic,0.1520592793866828
11,2,-0.12142403911234162,0.12142403911234162,2.222069,"{'n_estimators': 1451, 'criterion': 'gini', 'max_depth': 15, 'min_samples_split': 9, 'min_samples_leaf': 9, 'max_features': 0.33, 'max_samples': None}",1451,gini,15.0,9,9,0.33,,Titanic,0.1520592793866828
12,1,-0.11767210249314002,0.11767210249314002,9.747354,"{'n_estimators': 1222, 'criterion': 'gini', 'max_depth': 15, 'min_samples_split': 9, 'min_samples_leaf': 3, 'max_features': 0.33, 'max_samples': None}",1222,gini,15.0,9,3,0.33,,Titanic,0.1520592793866828
13,1,-0.11740720859976814,0.11740720859976814,11.884313,"{'n_estimators': 1498, 'criterion': 'gini', 'max_depth': 15, 'min_samples_split': 8, 'min_samples_leaf': 3, 'max_features': 0.33, 'max_samples': None}",1498,gini,15.0,8,3,0.33,,Titanic,0.1520592793866828
14,1,-0.11741115693952893,0.11741115693952893,11.812503,"{'n_estimators': 1487, 'criterion': 'gini', 'max_depth': 15, 'min_samples_split': 8, 'min_samples_leaf': 3, 'max_features': 0.33, 'max_samples': None}",1487,gini,15.0,8,3,0.33,,Titanic,0.1520592793866828
15,1,-0.11817293661561123,0.11817293661561123,9.523808,"{'n_estimators': 1190, 'criterion': 'gini', 'max_depth': 15, 'min_samples_split': 12, 'min_samples_leaf': 2, 'max_features': 0.33, 'max_samples': None}",1190,gini,15.0,12,2,0.33,,Titanic,0.1520592793866828
16,1,-0.11838907727799594,0.11838907727799594,12.054966,"{'n_estimators': 1454, 'criterion': 'gini', 'max_depth': 15, 'min_samples_split': 6, 'min_samples_leaf': 4, 'max_features': 0.33, 'max_samples': None}",1454,gini,15.0,6,4,0.33,,Titanic,0.1520592793866828
17,2,-0.11566803790516197,0.11566803790516197,6.727109,"{'n_estimators': 996, 'criterion': 'gini', 'max_depth': 15, 'min_samples_split': 7, 'min_samples_leaf': 2, 'max_features': 0.1, 'max_samples': None}",996,gini,15.0,7,2,0.1,,Titanic,0.1520592793866828
18,2,-0.12152030689646867,0.12152030689646867,2.120099,"{'n_estimators': 1318, 'criterion': 'gini', 'max_depth': 15, 'min_samples_split': 11, 'min_samples_leaf': 9, 'max_features': 'sqrt', 'max_samples': 0.7}",1318,gini,15.0,11,9,sqrt,0.7,Titanic,0.1520592793866828
19,2,-0.11610288921301846,0.11610288921301846,1.338956,"{'n_estimators': 820, 'criterion': 'gini', 'max_depth': 15, 'min_samples_split': 8, 'min_samples_leaf': 4, 'max_features': 0.33, 'max_samples': None}",820,gini,15.0,8,4,0.33,,Titanic,0.1520592793866828
20,2,-0.11928183207065736,0.11928183207065736,1.829646,"{'n_estimators': 1153, 'criterion': 'gini', 'max_depth': 20, 'min_samples_split': 3, 'min_samples_leaf': 7, 'max_features': 0.33, 'max_samples': None}",1153,gini,20.0,3,7,0.33,,Titanic,0.1520592793866828
21,1,-0.11802591889116827,0.11802591889116827,12.115459,"{'n_estimators': 1488, 'criterion': 'gini', 'max_depth': 15, 'min_samples_split': 10, 'min_samples_leaf': 3, 'max_features': 0.33, 'max_samples': None}",1488,gini,15.0,10,3,0.33,,Titanic,0.1520592793866828
22,1,-0.11742113916165123,0.11742113916165123,10.802785,"{'n_estimators': 1348, 'criterion': 'gini', 'max_depth': 15, 'min_samples_split': 8, 'min_samples_leaf': 3, 'max_features': 0.33, 'max_samples': None}",1348,gini,15.0,8,3,0.33,,Titanic,0.1520592793866828
23,1,-0.11653178273317552,0.11653178273317552,11.18841,"{'n_estimators': 1369, 'criterion': 'gini', 'max_depth': 15, 'min_samples_split': 8, 'min_samples_leaf': 2, 'max_features': 0.33, 'max_samples': None}",1369,gini,15.0,8,2,0.33,,Titanic,0.1520592793866828
24,1,-0.11643278941652738,0.11643278941652738,9.434934,"{'n_estimators': 1103, 'criterion': 'gini', 'max_depth': 15, 'min_samples_split': 7, 'min_samples_leaf': 1, 'max_features': 0.33, 'max_samples': None}",1103,gini,15.0,7,1,0.33,,Titanic,0.1520592793866828
25,1,-0.1164795156832941,0.1164795156832941,9.099895,"{'n_estimators': 1094, 'criterion': 'gini', 'max_depth': 15, 'min_samples_split': 5, 'min_samples_leaf': 1, 'max_features': 0.33, 'max_samples': None}",1094,gini,15.0,5,1,0.33,,Titanic,0.1520592793866828
26,1,-0.1166363202171721,0.1166363202171721,8.593006,"{'n_estimators': 1081, 'criterion': 'gini', 'max_depth': 15, 'min_samples_split': 4, 'min_samples_leaf': 1, 'max_features': 0.25, 'max_samples': 0.7}",1081,gini,15.0,4,1,0.25,0.7,Titanic,0.1520592793866828
27,1,-0.11597403104005985,0.11597403104005985,9.510736,"{'n_estimators': 1097, 'criterion': 'gini', 'max_depth': 15, 'min_samples_split': 6, 'min_samples_leaf': 1, 'max_features': 'sqrt', 'max_samples': 0.9}",1097,gini,15.0,6,1,sqrt,0.9,Titanic,0.1520592793866828
28,1,-0.1153328546510605,0.1153328546510605,7.840921,"{'n_estimators': 852, 'criterion': 'log_loss', 'max_depth': 20, 'min_samples_split': 5, 'min_samples_leaf': 1, 'max_features': 'sqrt', 'max_samples': 0.9}",852,log_loss,20.0,5,1,sqrt,0.9,Titanic,0.1520592793866828
29,2,-0.12048993998908941,0.12048993998908941,1.607355,"{'n_estimators': 851, 'criterion': 'log_loss', 'max_depth': 20, 'min_samples_split': 2, 'min_samples_leaf': 1, 'max_features': 'sqrt', 'max_samples': 0.9}",851,log_loss,20.0,2,1,sqrt,0.9,Titanic,0.1520592793866828
30,1,-0.11590532553973978,0.11590532553973978,6.158188,"{'n_estimators': 694, 'criterion': 'log_loss', 'max_depth': 20, 'min_samples_split': 6, 'min_samples_leaf': 2, 'max_features': 'sqrt', 'max_samples': 0.9}",694,log_loss,20.0,6,2,sqrt,0.9,Titanic,0.1520592793866828
31,1,-0.11590155026603499,0.11590155026603499,6.281726,"{'n_estimators': 699, 'criterion': 'log_loss', 'max_depth': 20, 'min_samples_split': 6, 'min_samples_leaf': 2, 'max_features': 'sqrt', 'max_samples': 0.9}",699,log_loss,20.0,6,2,sqrt,0.9,Titanic,0.1520592793866828
32,1,-0.11593492113107917,0.11593492113107917,6.324974,"{'n_estimators': 655, 'criterion': 'log_loss', 'max_depth': 20, 'min_samples_split': 4, 'min_samples_leaf': 2, 'max_features': 'sqrt', 'max_samples': 0.9}",655,log_loss,20.0,4,2,sqrt,0.9,Titanic,0.1520592793866828
33,1,-0.1159745992905784,0.1159745992905784,9.694042,"{'n_estimators': 703, 'criterion': 'log_loss', 'max_depth': 20, 'min_samples_split': 4, 'min_samples_leaf': 2, 'max_features': 'sqrt', 'max_samples': 0.9}",703,log_loss,20.0,4,2,sqrt,0.9,Titanic,0.1520592793866828
34,1,-0.11568676771748802,0.11568676771748802,9.98287,"{'n_estimators': 662, 'criterion': 'log_loss', 'max_depth': 20, 'min_samples_split': 5, 'min_samples_leaf': 2, 'max_features': 'sqrt', 'max_samples': 0.9}",662,log_loss,20.0,5,2,sqrt,0.9,Titanic,0.1520592793866828
35,1,-0.11641300073121372,0.11641300073121372,8.606548,"{'n_estimators': 585, 'criterion': 'log_loss', 'max_depth': 20, 'min_samples_split': 5, 'min_samples_leaf': 4, 'max_features': 'sqrt', 'max_samples': 0.9}",585,log_loss,20.0,5,4,sqrt,0.9,Titanic,0.1520592793866828
36,1,-0.11563626584574457,0.11563626584574457,11.679788,"{'n_estimators': 884, 'criterion': 'log_loss', 'max_depth': 20, 'min_samples_split': 6, 'min_samples_leaf': 2, 'max_features': 'sqrt', 'max_samples': 0.9}",884,log_loss,20.0,6,2,sqrt,0.9,Titanic,0.1520592793866828
37,2,-0.11501238358316504,0.11501238358316504,1.908989,"{'n_estimators': 777, 'criterion': 'log_loss', 'max_depth': 20, 'min_samples_split': 3, 'min_samples_leaf': 5, 'max_features': 'sqrt', 'max_samples': 0.9}",777,log_loss,20.0,3,5,sqrt,0.9,Titanic,0.1520592793866828
38,1,-0.1163837129404873,0.1163837129404873,4.656324,"{'n_estimators': 375, 'criterion': 'log_loss', 'max_depth': 20, 'min_samples_split': 5, 'min_samples_leaf': 4, 'max_features': 'sqrt', 'max_samples': 0.9}",375,log_loss,20.0,5,4,sqrt,0.9,Titanic,0.1520592793866828
39,2,-0.11634513132735616,0.11634513132735616,2.437276,"{'n_estimators': 893, 'criterion': 'log_loss', 'max_depth': 20, 'min_samples_split': 3, 'min_samples_leaf': 2, 'max_features': 0.1, 'max_samples': 0.9}",893,log_loss,20.0,3,2,0.1,0.9,Titanic,0.1520592793866828
40,2,-0.11937873540449133,0.11937873540449133,1.870102,"{'n_estimators': 788, 'criterion': 'log_loss', 'max_depth': None, 'min_samples_split': 2, 'min_samples_leaf': 6, 'max_features': 'sqrt', 'max_samples': 0.5}",788,log_loss,,2,6,sqrt,0.5,Titanic,0.1520592793866828
41,1,-0.11588705081122067,0.11588705081122067,9.079765,"{'n_estimators': 711, 'criterion': 'log_loss', 'max_depth': 20, 'min_samples_split': 6, 'min_samples_leaf': 2, 'max_features': 'sqrt', 'max_samples': 0.9}",711,log_loss,20.0,6,2,sqrt,0.9,Titanic,0.1520592793866828
42,1,-0.11564262148622362,0.11564262148622362,6.706416,"{'n_estimators': 580, 'criterion': 'log_loss', 'max_depth': 20, 'min_samples_split': 7, 'min_samples_leaf': 1, 'max_features': 'sqrt', 'max_samples': 0.9}",580,log_loss,20.0,7,1,sqrt,0.9,Titanic,0.1520592793866828
43,1,-0.11563091586007376,0.11563091586007376,6.755202,"{'n_estimators': 572, 'criterion': 'log_loss', 'max_depth': 20, 'min_samples_split': 7, 'min_samples_leaf': 1, 'max_features': 'sqrt', 'max_samples': 0.9}",572,log_loss,20.0,7,1,sqrt,0.9,Titanic,0.1520592793866828
44,1,-0.11568282193324686,0.11568282193324686,6.769101,"{'n_estimators': 491, 'criterion': 'log_loss', 'max_depth': 20, 'min_samples_split': 7, 'min_samples_leaf': 1, 'max_features': 'sqrt', 'max_samples': 0.9}",491,log_loss,20.0,7,1,sqrt,0.9,Titanic,0.1520592793866828
45,1,-0.11577399837246424,0.11577399837246424,4.635991,"{'n_estimators': 505, 'criterion': 'entropy', 'max_depth': 10, 'min_samples_split': 7, 'min_samples_leaf': 1, 'max_features': 0.25, 'max_samples': 0.9}",505,entropy,10.0,7,1,0.25,0.9,Titanic,0.1520592793866828
46,1,-0.11569639549432216,0.11569639549432216,3.914801,"{'n_estimators': 421, 'criterion': 'log_loss', 'max_depth': 20, 'min_samples_split': 10, 'min_samples_leaf': 1, 'max_features': 'sqrt', 'max_samples': 0.9}",421,log_loss,20.0,10,1,sqrt,0.9,Titanic,0.1520592793866828
47,2,-0.11687743099232992,0.11687743099232992,0.926922,"{'n_estimators': 582, 'criterion': 'log_loss', 'max_depth': None, 'min_samples_split': 12, 'min_samples_leaf': 1, 'max_features': 'sqrt', 'max_samples': 0.5}",582,log_loss,,12,1,sqrt,0.5,Titanic,0.1520592793866828
48,1,-0.11580372004376016,0.11580372004376016,2.207611,"{'n_estimators': 250, 'criterion': 'log_loss', 'max_depth': 20, 'min_samples_split': 7, 'min_samples_leaf': 1, 'max_features': 'sqrt', 'max_samples': 0.9}",250,log_loss,20.0,7,1,sqrt,0.9,Titanic,0.1520592793866828
49,2,-0.11560451355400524,0.11560451355400524,0.611594,"{'n_estimators': 337, 'criterion': 'entropy', 'max_depth': 20, 'min_samples_split': 9, 'min_samples_leaf': 1, 'max_features': 0.1, 'max_samples': 0.9}",337,entropy,20.0,9,1,0.1,0.9,Titanic,0.1520592793866828
50,2,-0.1141307748551748,0.1141307748551748,1.880067,"{'n_estimators': 957, 'criterion': 'log_loss', 'max_depth': 10, 'min_samples_split': 13, 'min_samples_leaf': 1, 'max_features': 'sqrt', 'max_samples': 0.9}",957,log_loss,10.0,13,1,sqrt,0.9,Titanic,0.1520592793866828
51,1,-0.11545894838113153,0.11545894838113153,5.664469,"{'n_estimators': 561, 'criterion': 'log_loss', 'max_depth': 20, 'min_samples_split': 5, 'min_samples_leaf': 2, 'max_features': 'sqrt', 'max_samples': 0.9}",561,log_loss,20.0,5,2,sqrt,0.9,Titanic,0.1520592793866828
52,2,-0.11420604567837528,0.11420604567837528,0.859331,"{'n_estimators': 454, 'criterion': 'log_loss', 'max_depth': 20, 'min_samples_split': 7, 'min_samples_leaf': 2, 'max_features': 'sqrt', 'max_samples': 0.9}",454,log_loss,20.0,7,2,sqrt,0.9,Titanic,0.1520592793866828
53,1,-0.11557287161465842,0.11557287161465842,5.07563,"{'n_estimators': 577, 'criterion': 'log_loss', 'max_depth': 20, 'min_samples_split': 5, 'min_samples_leaf': 1, 'max_features': 'sqrt', 'max_samples': 0.9}",577,log_loss,20.0,5,1,sqrt,0.9,Titanic,0.1520592793866828
54,2,-0.12041118219029887,0.12041118219029887,0.873337,"{'n_estimators': 567, 'criterion': 'log_loss', 'max_depth': 20, 'min_samples_split': 4, 'min_samples_leaf': 8, 'max_features': 'sqrt', 'max_samples': 0.7}",567,log_loss,20.0,4,8,sqrt,0.7,Titanic,0.1520592793866828
55,2,-0.11424217156970058,0.11424217156970058,1.201206,"{'n_estimators': 754, 'criterion': 'log_loss', 'max_depth': 20, 'min_samples_split': 5, 'min_samples_leaf': 3, 'max_features': 0.25, 'max_samples': 0.9}",754,log_loss,20.0,5,3,0.25,0.9,Titanic,0.1520592793866828
56,2,-0.11463031360024806,0.11463031360024806,1.381283,"{'n_estimators': 885, 'criterion': 'log_loss', 'max_depth': 20, 'min_samples_split': 3, 'min_samples_leaf': 2, 'max_features': 'sqrt', 'max_samples': 0.5}",885,log_loss,20.0,3,2,sqrt,0.5,Titanic,0.1520592793866828
57,1,-0.1155688790443167,0.1155688790443167,5.676861,"{'n_estimators': 619, 'criterion': 'entropy', 'max_depth': None, 'min_samples_split': 5, 'min_samples_leaf': 1, 'max_features': 'sqrt', 'max_samples': 0.9}",619,entropy,,5,1,sqrt,0.9,Titanic,0.1520592793866828
58,2,-0.11712609478332307,0.11712609478332307,0.936149,"{'n_estimators': 623, 'criterion': 'entropy', 'max_depth': None, 'min_samples_split': 5, 'min_samples_leaf': 3, 'max_features': 0.1, 'max_samples': 0.9}",623,entropy,,5,3,0.1,0.9,Titanic,0.1520592793866828
59,2,-0.1141678641896739,0.1141678641896739,0.967647,"{'n_estimators': 536, 'criterion': 'entropy', 'max_depth': None, 'min_samples_split': 6, 'min_samples_leaf': 1, 'max_features': 'sqrt', 'max_samples': 0.9}",536,entropy,,6,1,sqrt,0.9,Titanic,0.1520592793866828
60,2,-0.1186703939721331,0.1186703939721331,1.653455,"{'n_estimators': 1025, 'criterion': 'entropy', 'max_depth': None, 'min_samples_split': 19, 'min_samples_leaf': 2, 'max_features': 'sqrt', 'max_samples': 0.7}",1025,entropy,,19,2,sqrt,0.7,Titanic,0.1520592793866828
61,2,-0.11480620088058655,0.11480620088058655,1.280703,"{'n_estimators': 618, 'criterion': 'entropy', 'max_depth': None, 'min_samples_split': 4, 'min_samples_leaf': 1, 'max_features': 'sqrt', 'max_samples': 0.9}",618,entropy,,4,1,sqrt,0.9,Titanic,0.1520592793866828
62,1,-0.11535040032758732,0.11535040032758732,6.491771,"{'n_estimators': 743, 'criterion': 'log_loss', 'max_depth': 20, 'min_samples_split': 5, 'min_samples_leaf': 1, 'max_features': 'sqrt', 'max_samples': 0.9}",743,log_loss,20.0,5,1,sqrt,0.9,Titanic,0.1520592793866828
63,1,-0.11535426800707942,0.11535426800707942,7.15238,"{'n_estimators': 820, 'criterion': 'log_loss', 'max_depth': 20, 'min_samples_split': 5, 'min_samples_leaf': 1, 'max_features': 'sqrt', 'max_samples': 0.9}",820,log_loss,20.0,5,1,sqrt,0.9,Titanic,0.1520592793866828
64,2,-0.11378619634539568,0.11378619634539568,1.428186,"{'n_estimators': 822, 'criterion': 'log_loss', 'max_depth': 10, 'min_samples_split': 5, 'min_samples_leaf': 1, 'max_features': 'sqrt', 'max_samples': 0.9}",822,log_loss,10.0,5,1,sqrt,0.9,Titanic,0.1520592793866828
65,2,-0.11528697060997578,0.11528697060997578,1.287376,"{'n_estimators': 758, 'criterion': 'entropy', 'max_depth': 20, 'min_samples_split': 16, 'min_samples_leaf': 1, 'max_features': 'sqrt', 'max_samples': 0.9}",758,entropy,20.0,16,1,sqrt,0.9,Titanic,0.1520592793866828
66,2,-0.11701983233000711,0.11701983233000711,1.24043,"{'n_estimators': 736, 'criterion': 'log_loss', 'max_depth': 20, 'min_samples_split': 3, 'min_samples_leaf': 1, 'max_features': 0.25, 'max_samples': 0.9}",736,log_loss,20.0,3,1,0.25,0.9,Titanic,0.1520592793866828
67,2,-0.1149849402368136,0.1149849402368136,1.681198,"{'n_estimators': 939, 'criterion': 'log_loss', 'max_depth': None, 'min_samples_split': 4, 'min_samples_leaf': 1, 'max_features': 'sqrt', 'max_samples': 0.9}",939,log_loss,,4,1,sqrt,0.9,Titanic,0.1520592793866828
68,2,-0.11458663846378103,0.11458663846378103,1.004331,"{'n_estimators': 639, 'criterion': 'log_loss', 'max_depth': 20, 'min_samples_split': 2, 'min_samples_leaf': 2, 'max_features': 'sqrt', 'max_samples': 0.5}",639,log_loss,20.0,2,2,sqrt,0.5,Titanic,0.1520592793866828
69,2,-0.11533783014487357,0.11533783014487357,1.466929,"{'n_estimators': 838, 'criterion': 'entropy', 'max_depth': 20, 'min_samples_split': 4, 'min_samples_leaf': 1, 'max_features': 'sqrt', 'max_samples': 0.9}",838,entropy,20.0,4,1,sqrt,0.9,Titanic,0.1520592793866828
70,2,-0.12677524867311157,0.12677524867311157,0.609317,"{'n_estimators': 439, 'criterion': 'log_loss', 'max_depth': 20, 'min_samples_split': 5, 'min_samples_leaf': 6, 'max_features': 0.1, 'max_samples': 0.7}",439,log_loss,20.0,5,6,0.1,0.7,Titanic,0.1520592793866828
71,1,-0.11563984121397428,0.11563984121397428,7.510931,"{'n_estimators': 883, 'criterion': 'log_loss', 'max_depth': 20, 'min_samples_split': 6, 'min_samples_leaf': 2, 'max_features': 'sqrt', 'max_samples': 0.9}",883,log_loss,20.0,6,2,sqrt,0.9,Titanic,0.1520592793866828
72,2,-0.11374063078139875,0.11374063078139875,0.92459,"{'n_estimators': 535, 'criterion': 'log_loss', 'max_depth': 20, 'min_samples_split': 6, 'min_samples_leaf': 2, 'max_features': 'sqrt', 'max_samples': 0.9}",535,log_loss,20.0,6,2,sqrt,0.9,Titanic,0.1520592793866828
73,1,-0.11506738770519745,0.11506738770519745,9.052434,"{'n_estimators': 1043, 'criterion': 'log_loss', 'max_depth': 20, 'min_samples_split': 8, 'min_samples_leaf': 1, 'max_features': 'sqrt', 'max_samples': 0.9}",1043,log_loss,20.0,8,1,sqrt,0.9,Titanic,0.1520592793866828
74,1,-0.11508792949321107,0.11508792949321107,8.789999,"{'n_estimators': 1025, 'criterion': 'log_loss', 'max_depth': 20, 'min_samples_split': 8, 'min_samples_leaf': 1, 'max_features': 'sqrt', 'max_samples': 0.9}",1025,log_loss,20.0,8,1,sqrt,0.9,Titanic,0.1520592793866828
75,1,-0.11507252347668939,0.11507252347668939,8.894333,"{'n_estimators': 1033, 'criterion': 'log_loss', 'max_depth': 20, 'min_samples_split': 8, 'min_samples_leaf': 1, 'max_features': 'sqrt', 'max_samples': 0.9}",1033,log_loss,20.0,8,1,sqrt,0.9,Titanic,0.1520592793866828
76,1,-0.11548196889051458,0.11548196889051458,8.600787,"{'n_estimators': 1012, 'criterion': 'log_loss', 'max_depth': 20, 'min_samples_split': 10, 'min_samples_leaf': 1, 'max_features': 'sqrt', 'max_samples': 0.9}",1012,log_loss,20.0,10,1,sqrt,0.9,Titanic,0.1520592793866828
77,1,-0.11545660132480044,0.11545660132480044,8.781742,"{'n_estimators': 1033, 'criterion': 'log_loss', 'max_depth': 20, 'min_samples_split': 11, 'min_samples_leaf': 1, 'max_features': 'sqrt', 'max_samples': 0.9}",1033,log_loss,20.0,11,1,sqrt,0.9,Titanic,0.1520592793866828
78,2,-0.11335239836438255,0.11335239836438255,7.599208,"{'n_estimators': 1139, 'criterion': 'log_loss', 'max_depth': 20, 'min_samples_split': 11, 'min_samples_leaf': 2, 'max_features': 'sqrt', 'max_samples': 0.9}",1139,log_loss,20.0,11,2,sqrt,0.9,Titanic,0.1520592793866828
79,1,-0.11490978074927802,0.11490978074927802,10.88072,"{'n_estimators': 1255, 'criterion': 'log_loss', 'max_depth': 20, 'min_samples_split': 8, 'min_samples_leaf': 1, 'max_features': 'sqrt', 'max_samples': 0.9}",1255,log_loss,20.0,8,1,sqrt,0.9,Titanic,0.1520592793866828
80,2,-0.11911784514239437,0.11911784514239437,2.031328,"{'n_estimators': 1284, 'criterion': 'log_loss', 'max_depth': 20, 'min_samples_split': 9, 'min_samples_leaf': 7, 'max_features': 0.25, 'max_samples': 0.9}",1284,log_loss,20.0,9,7,0.25,0.9,Titanic,0.1520592793866828
81,1,-0.11505732638848014,0.11505732638848014,9.171696,"{'n_estimators': 1047, 'criterion': 'log_loss', 'max_depth': 20, 'min_samples_split': 8, 'min_samples_leaf': 1, 'max_features': 'sqrt', 'max_samples': 0.9}",1047,log_loss,20.0,8,1,sqrt,0.9,Titanic,0.1520592793866828
82,1,-0.11497371548573292,0.11497371548573292,10.468383,"{'n_estimators': 1218, 'criterion': 'log_loss', 'max_depth': 20, 'min_samples_split': 9, 'min_samples_leaf': 1, 'max_features': 'sqrt', 'max_samples': 0.9}",1218,log_loss,20.0,9,1,sqrt,0.9,Titanic,0.1520592793866828
83,1,-0.11492862811813014,0.11492862811813014,10.515382,"{'n_estimators': 1227, 'criterion': 'log_loss', 'max_depth': 20, 'min_samples_split': 8, 'min_samples_leaf': 1, 'max_features': 'sqrt', 'max_samples': 0.9}",1227,log_loss,20.0,8,1,sqrt,0.9,Titanic,0.1520592793866828
84,1,-0.11497106889233155,0.11497106889233155,10.302219,"{'n_estimators': 1206, 'criterion': 'log_loss', 'max_depth': 20, 'min_samples_split': 8, 'min_samples_leaf': 1, 'max_features': 'sqrt', 'max_samples': 0.9}",1206,log_loss,20.0,8,1,sqrt,0.9,Titanic,0.1520592793866828
85,1,-0.11496517191679037,0.11496517191679037,10.351051,"{'n_estimators': 1215, 'criterion': 'log_loss', 'max_depth': 20, 'min_samples_split': 8, 'min_samples_leaf': 1, 'max_features': 'sqrt', 'max_samples': 0.9}",1215,log_loss,20.0,8,1,sqrt,0.9,Titanic,0.1520592793866828
86,1,-0.11492033773589463,0.11492033773589463,10.513791,"{'n_estimators': 1225, 'criterion': 'log_loss', 'max_depth': 20, 'min_samples_split': 8, 'min_samples_leaf': 1, 'max_features': 'sqrt', 'max_samples': 0.9}",1225,log_loss,20.0,8,1,sqrt,0.9,Titanic,0.1520592793866828
87,1,-0.11441149236307928,0.11441149236307928,10.194477,"{'n_estimators': 1216, 'criterion': 'log_loss', 'max_depth': 10, 'min_samples_split': 8, 'min_samples_leaf': 1, 'max_features': 'sqrt', 'max_samples': 0.9}",1216,log_loss,10.0,8,1,sqrt,0.9,Titanic,0.1520592793866828
88,2,-0.1155898808440965,0.1155898808440965,1.906917,"{'n_estimators': 1251, 'criterion': 'log_loss', 'max_depth': 10, 'min_samples_split': 9, 'min_samples_leaf': 2, 'max_features': 'sqrt', 'max_samples': 0.5}",1251,log_loss,10.0,9,2,sqrt,0.5,Titanic,0.1520592793866828
89,1,-0.11457988580748565,0.11457988580748565,10.108424,"{'n_estimators': 1200, 'criterion': 'log_loss', 'max_depth': 10, 'min_samples_split': 9, 'min_samples_leaf': 1, 'max_features': 'sqrt', 'max_samples': 0.9}",1200,log_loss,10.0,9,1,sqrt,0.9,Titanic,0.1520592793866828
90,2,-0.11606442549826144,0.11606442549826144,1.768072,"{'n_estimators': 1188, 'criterion': 'log_loss', 'max_depth': 10, 'min_samples_split': 10, 'min_samples_leaf': 1, 'max_features': 0.1, 'max_samples': 0.9}",1188,log_loss,10.0,10,1,0.1,0.9,Titanic,0.1520592793866828
91,1,-0.11463463573433821,0.11463463573433821,11.565501,"{'n_estimators': 1376, 'criterion': 'log_loss', 'max_depth': 10, 'min_samples_split': 9, 'min_samples_leaf': 1, 'max_features': 'sqrt', 'max_samples': 0.9}",1376,log_loss,10.0,9,1,sqrt,0.9,Titanic,0.1520592793866828
92,1,-0.11461644542592937,0.11461644542592937,11.627772,"{'n_estimators': 1388, 'criterion': 'log_loss', 'max_depth': 10, 'min_samples_split': 9, 'min_samples_leaf': 1, 'max_features': 'sqrt', 'max_samples': 0.9}",1388,log_loss,10.0,9,1,sqrt,0.9,Titanic,0.1520592793866828
93,1,-0.11462582784460296,0.11462582784460296,11.654389,"{'n_estimators': 1384, 'criterion': 'log_loss', 'max_depth': 10, 'min_samples_split': 9, 'min_samples_leaf': 1, 'max_features': 'sqrt', 'max_samples': 0.9}",1384,log_loss,10.0,9,1,sqrt,0.9,Titanic,0.1520592793866828
94,1,-0.1152972752865952,0.1152972752865952,12.225507,"{'n_estimators': 1424, 'criterion': 'log_loss', 'max_depth': 10, 'min_samples_split': 9, 'min_samples_leaf': 2, 'max_features': 'sqrt', 'max_samples': 0.9}",1424,log_loss,10.0,9,2,sqrt,0.9,Titanic,0.1520592793866828
95,1,-0.11512282021832121,0.11512282021832121,11.440149,"{'n_estimators': 1374, 'criterion': 'log_loss', 'max_depth': 10, 'min_samples_split': 10, 'min_samples_leaf': 1, 'max_features': 'sqrt', 'max_samples': 0.9}",1374,log_loss,10.0,10,1,sqrt,0.9,Titanic,0.1520592793866828
96,1,-0.11567663267172326,0.11567663267172326,10.626383,"{'n_estimators': 1316, 'criterion': 'log_loss', 'max_depth': 10, 'min_samples_split': 9, 'min_samples_leaf': 1, 'max_features': 'sqrt', 'max_samples': 0.7}",1316,log_loss,10.0,9,1,sqrt,0.7,Titanic,0.1520592793866828
97,1,-0.11461095413454692,0.11461095413454692,10.847842,"{'n_estimators': 1286, 'criterion': 'log_loss', 'max_depth': 10, 'min_samples_split': 9, 'min_samples_leaf': 1, 'max_features': 'sqrt', 'max_samples': 0.9}",1286,log_loss,10.0,9,1,sqrt,0.9,Titanic,0.1520592793866828
98,2,-0.11405209450861407,0.11405209450861407,2.035329,"{'n_estimators': 1258, 'criterion': 'log_loss', 'max_depth': 10, 'min_samples_split': 10, 'min_samples_leaf': 5, 'max_features': 'sqrt', 'max_samples': 0.9}",1258,log_loss,10.0,10,5,sqrt,0.9,Titanic,0.1520592793866828
99,1,-0.1153590668264672,0.1153590668264672,11.52007,"{'n_estimators': 1378, 'criterion': 'log_loss', 'max_depth': 10, 'min_samples_split': 9, 'min_samples_leaf': 2, 'max_features': 'sqrt', 'max_samples': 0.9}",1378,log_loss,10.0,9,2,sqrt,0.9,Titanic,0.1520592793866828
